{
  "mins": [
    0.0051,
    0.0,
    -39.588000000001514,
    0.0189,
    0.0,
    0.0
  ],
  "maxs": [
    6.6743,
    1.0,
    48.41000000000095,
    0.9753,
    1.0,
    1.0
  ],
  "feature_names": null
}